{
  "state": "Alabama",
  "year": 2023,
  "pearson_r_pm25_asthma": -0.05726740504810031,
  "models": [
    {
      "model": "linear_regression",
      "r2_test": -0.015842202038087727,
      "mae_test": 0.5078633725814237,
      "r2_cv_mean": -0.21274457020771104,
      "r2_cv_std": 0.18003515175087947,
      "n_counties": 67
    },
    {
      "model": "random_forest",
      "r2_test": 0.041386914453341084,
      "mae_test": 0.5039480859010264,
      "r2_cv_mean": -0.25751376559765593,
      "r2_cv_std": 0.3578189894415472,
      "n_counties": 67
    }
  ],
  "interpretation": "County-level PM2.5 (Open-Meteo annual mean at CDC centroid) vs CDC PLACES crude asthma prevalence. Weak or moderate association is still a valid scientific outcome."
}